Modelo,Tratamiento,Normal,Loss,Loss1,Loss2,Percentil,Accuracy,F1-Score,Precision,AUC-ROC,Recall
Model1,ELIMINACION,STANDARD,mse,MAE,MAE,99.9,0.993808517064331,0.9375951293759512,0.9777777777777777,0.9497350728200543,0.9005847953216374
Model2,ELIMINACION,STANDARD,mse,MAE,MAE,99.9,0.9962247055270311,0.9622926093514329,0.9937694704049844,0.9662150333370579,0.9327485380116959
Model3,ELIMINACION,STANDARD,mse,MAE,MAE,99.9,0.9953186348535186,0.9535232383808095,0.9784615384615385,0.9643549558609901,0.9298245614035088
Model4,ELIMINACION,STANDARD,mse,MAE,MAE,99.9,0.9972817879794624,0.9733727810650888,0.9850299401197605,0.980596062874809,0.9619883040935673
Model1,ELIMINACION,STANDARD,mse,MAE,MAE,99.5,0.9922983992751434,0.9259796806966618,0.9193083573487032,0.9641449696427906,0.9327485380116959
Model2,ELIMINACION,STANDARD,mse,MAE,MAE,99.5,0.9963757173059499,0.9646017699115044,0.9732142857142857,0.9773536149290424,0.956140350877193
Model3,ELIMINACION,STANDARD,mse,MAE,MAE,99.5,0.9936575052854123,0.94,0.9189944134078212,0.9786852348493313,0.9619883040935673
Model4,ELIMINACION,STANDARD,mse,MAE,MAE,99.5,0.9962247055270311,0.9641319942611191,0.9464788732394366,0.9897153313219355,0.9824561403508771
Model1,ELIMINACION,STANDARD,mse,MAE,MAE,99,0.9906372697070371,0.9134078212290503,0.8743315508021391,0.974328137222036,0.956140350877193
Model2,ELIMINACION,STANDARD,mse,MAE,MAE,99,0.9951676230745998,0.9548022598870056,0.9234972677595629,0.9919227474205684,0.9883040935672515
Model3,ELIMINACION,STANDARD,mse,MAE,MAE,99,0.9897311990335246,0.9068493150684931,0.8530927835051546,0.9793799120944611,0.9678362573099415
Model4,ELIMINACION,STANDARD,mse,MAE,MAE,99,0.9936575052854123,0.9418282548476454,0.8947368421052632,0.9938913100160166,0.9941520467836257
Model1,ELIMINACION,STANDARD,mse,MSE,MSE,99.9,0.9933554817275747,0.9323076923076923,0.9837662337662337,0.9425843669683762,0.8859649122807017
Model2,ELIMINACION,STANDARD,mse,MSE,MSE,99.9,0.9927514346118997,0.9256965944272445,0.9835526315789473,0.9367364137520021,0.8742690058479532
Model3,ELIMINACION,STANDARD,mse,MSE,MSE,99.9,0.9963757173059499,0.963855421686747,0.9937888198757764,0.9676770216411517,0.935672514619883
Model4,ELIMINACION,STANDARD,mse,MSE,MSE,99.9,0.9974327997583812,0.9748892171344165,0.9850746268656716,0.9820580511789025,0.9649122807017544
Model1,ELIMINACION,STANDARD,mse,MSE,MSE,99.5,0.9936575052854123,0.9380530973451328,0.9464285714285714,0.9634791596826461,0.9298245614035088
Model2,ELIMINACION,STANDARD,mse,MSE,MSE,99.5,0.9903352461491997,0.904191616766467,0.9263803680981595,0.9396096398107796,0.8830409356725146
Model3,ELIMINACION,STANDARD,mse,MSE,MSE,99.5,0.9966777408637874,0.9676470588235294,0.9733727810650887,0.9802775915372295,0.9619883040935673
Model4,ELIMINACION,STANDARD,mse,MSE,MSE,99.5,0.9959226819691936,0.9612625538020085,0.9436619718309859,0.9881737251834468,0.97953216374269
Model1,ELIMINACION,STANDARD,mse,MSE,MSE,99,0.991392328601631,0.919831223628692,0.8861788617886179,0.9747262263940105,0.956140350877193
Model2,ELIMINACION,STANDARD,mse,MSE,MSE,99,0.9862579281183932,0.8698140200286122,0.8515406162464986,0.9402246992215145,0.8888888888888888
Model3,ELIMINACION,STANDARD,mse,MSE,MSE,99,0.9945635759589248,0.9487179487179489,0.925,0.9846924237344956,0.9736842105263158
Model4,ELIMINACION,STANDARD,mse,MSE,MSE,99,0.9916943521594684,0.9243466299862448,0.8727272727272727,0.9873267962900882,0.9824561403508771
Model1,ELIMINACION,STANDARD,mae,MAE,MAE,99.9,0.9919963757173059,0.9175738724727838,0.9800664451827242,0.9308088427012329,0.8625730994152047
Model2,ELIMINACION,STANDARD,mae,MAE,MAE,99.9,0.9965267290848686,0.9653092006033182,0.9968847352024922,0.9677566394755466,0.935672514619883
Model3,ELIMINACION,STANDARD,mae,MAE,MAE,99.9,0.9960736937481124,0.9608433734939759,0.9906832298136646,0.9661354155026632,0.9327485380116959
Model4,ELIMINACION,STANDARD,mae,MAE,MAE,99.9,0.9959226819691936,0.9596412556053812,0.981651376146789,0.9688205386076656,0.9385964912280702
Model1,ELIMINACION,STANDARD,mae,MAE,MAE,99.5,0.993808517064331,0.9411764705882353,0.923943661971831,0.9773824822140277,0.9590643274853801
Model2,ELIMINACION,STANDARD,mae,MAE,MAE,99.5,0.9965267290848686,0.9661266568483062,0.973293768545994,0.9788156032331359,0.9590643274853801
Model3,ELIMINACION,STANDARD,mae,MAE,MAE,99.5,0.9962247055270311,0.9638205499276411,0.9541547277936963,0.9855682199128395,0.9736842105263158
Model4,ELIMINACION,STANDARD,mae,MAE,MAE,99.5,0.9941105406221685,0.9438848920863309,0.9291784702549575,0.9775417178828174,0.9590643274853801
Model1,ELIMINACION,STANDARD,mae,MAE,MAE,99,0.9909392932648746,0.9171270718232044,0.8691099476439791,0.981399225239319,0.9707602339181286
Model2,ELIMINACION,STANDARD,mae,MAE,MAE,99,0.9947145877378436,0.9504950495049505,0.9205479452054794,0.9889191529779863,0.9824561403508771
Model3,ELIMINACION,STANDARD,mae,MAE,MAE,99,0.9942615524010873,0.9466292134831461,0.9108108108108108,0.9900626699445003,0.9853801169590644
Model4,ELIMINACION,STANDARD,mae,MAE,MAE,99,0.991392328601631,0.9215955983493809,0.8701298701298701,0.9857851901515997,0.97953216374269
Model1,ELIMINACION,STANDARD,mae,MSE,MSE,99.9,0.9912413168227122,0.9090909090909091,0.9797297297297297,0.923498901180765,0.847953216374269
Model2,ELIMINACION,STANDARD,mae,MSE,MSE,99.9,0.9972817879794624,0.973134328358209,0.9939024390243902,0.9764489514657131,0.9532163742690059
Model3,ELIMINACION,STANDARD,mae,MSE,MSE,99.9,0.9977348233162187,0.9777117384843983,0.9939577039274925,0.9808349163779938,0.9619883040935673
Model4,ELIMINACION,STANDARD,mae,MSE,MSE,99.9,0.9974327997583812,0.974739970282318,0.9909365558912386,0.9792933102395053,0.9590643274853801
Model1,ELIMINACION,STANDARD,mae,MSE,MSE,99.5,0.9922983992751434,0.9259796806966618,0.9193083573487032,0.9641449696427906,0.9327485380116959
Model2,ELIMINACION,STANDARD,mae,MSE,MSE,99.5,0.9977348233162187,0.9782293178519594,0.9711815561959655,0.9918938801355831,0.9853801169590644
Model3,ELIMINACION,STANDARD,mae,MSE,MSE,99.5,0.9978858350951374,0.9797101449275362,0.9712643678160919,0.9933558684396767,0.9883040935672515
Model4,ELIMINACION,STANDARD,mae,MSE,MSE,99.5,0.9974327997583812,0.975397973950796,0.9656160458452722,0.9917346444667933,0.9853801169590644
Model1,ELIMINACION,STANDARD,mae,MSE,MSE,99,0.9892781636967684,0.9020689655172414,0.8537859007832899,0.9736115767124819,0.956140350877193
Model2,ELIMINACION,STANDARD,mae,MSE,MSE,99,0.9954696466324373,0.9577464788732394,0.9239130434782609,0.9948467240287555,0.9941520467836257
Model3,ELIMINACION,STANDARD,mae,MSE,MSE,99,0.9951676230745998,0.9553072625698323,0.9144385026737968,0.9974522292993631,1.0
Model4,ELIMINACION,STANDARD,mae,MSE,MSE,99,0.9942615524010873,0.9467787114845938,0.9086021505376344,0.991445040414199,0.9883040935672515
Model1,ELIMINACION,MINMAX,mse,MAE,MAE,99.9,0.9950166112956811,0.9500756429652043,0.9843260188087775,0.9586662383134055,0.9181286549707602
Model2,ELIMINACION,MINMAX,mse,MAE,MAE,99.9,0.9885231048021745,0.8758169934640523,0.9925925925925926,0.8916536298282861,0.783625730994152
Model3,ELIMINACION,MINMAX,mse,MAE,MAE,99.9,0.9962247055270311,0.962178517397882,0.9968652037617555,0.9648326628673594,0.9298245614035088
Model4,ELIMINACION,MINMAX,mse,MAE,MAE,99.9,0.9959226819691936,0.9590288315629741,0.9968454258675079,0.9619086862591724,0.9239766081871345
Model1,ELIMINACION,MINMAX,mse,MAE,MAE,99.5,0.9954696466324373,0.9572649572649572,0.9333333333333333,0.9893172421499609,0.9824561403508771
Model2,ELIMINACION,MINMAX,mse,MAE,MAE,99.5,0.9874660223497432,0.8688783570300157,0.9450171821305842,0.9007728982754125,0.804093567251462
Model3,ELIMINACION,MINMAX,mse,MAE,MAE,99.5,0.9965267290848686,0.9659259259259261,0.978978978978979,0.9760508622937386,0.9532163742690059
Model4,ELIMINACION,MINMAX,mse,MAE,MAE,99.5,0.9959226819691936,0.9599999999999999,0.972972972972973,0.9729676500167614,0.9473684210526315
Model1,ELIMINACION,MINMAX,mse,MAE,MAE,99,0.9922983992751434,0.9300411522633745,0.875968992248062,0.9917923790367639,0.9912280701754386
Model2,ELIMINACION,MINMAX,mse,MAE,MAE,99,0.9871639987919058,0.874074074074074,0.8858858858858859,0.9282610720005959,0.8625730994152047
Model3,ELIMINACION,MINMAX,mse,MAE,MAE,99,0.9948655995167623,0.9515669515669516,0.9277777777777778,0.9862340298729839,0.9766081871345029
Model4,ELIMINACION,MINMAX,mse,MAE,MAE,99,0.993808517064331,0.9418439716312056,0.9146005509641874,0.9829119640928223,0.9707602339181286
Model1,ELIMINACION,MINMAX,mse,MSE,MSE,99.9,0.9909392932648746,0.9056603773584905,0.9795918367346939,0.9205749245725778,0.8421052631578947
Model2,ELIMINACION,MINMAX,mse,MSE,MSE,99.9,0.9972817879794624,0.9730538922155688,0.9969325153374233,0.9750665809960144,0.9502923976608187
Model3,ELIMINACION,MINMAX,mse,MSE,MSE,99.9,0.9957716701902748,0.9575757575757576,0.9937106918238994,0.9618290684247774,0.9239766081871345
Model4,ELIMINACION,MINMAX,mse,MSE,MSE,99.9,0.9910903050437934,0.9067930489731437,0.9862542955326461,0.9192721719372741,0.8391812865497076
Model1,ELIMINACION,MINMAX,mse,MSE,MSE,99.5,0.9927514346118997,0.9304347826086956,0.9224137931034483,0.9671485640853728,0.9385964912280702
Model2,ELIMINACION,MINMAX,mse,MSE,MSE,99.5,0.9975838115372999,0.9765395894428153,0.9794117647058823,0.9862847804223936,0.9736842105263158
Model3,ELIMINACION,MINMAX,mse,MSE,MSE,99.5,0.9962247055270311,0.9631811487481591,0.9703264094955489,0.9772739970946475,0.956140350877193
Model4,ELIMINACION,MINMAX,mse,MSE,MSE,99.5,0.9907882814859559,0.907715582450832,0.9404388714733543,0.937083752374567,0.8771929824561403
Model1,ELIMINACION,MINMAX,mse,MSE,MSE,99,0.9885231048021745,0.8947368421052632,0.85,0.9676840056617126,0.9444444444444444
Model2,ELIMINACION,MINMAX,mse,MSE,MSE,99,0.9953186348535186,0.9561527581329561,0.9260273972602739,0.9920023652549633,0.9883040935672515
Model3,ELIMINACION,MINMAX,mse,MSE,MSE,99,0.9950166112956811,0.9534555712270804,0.9209809264305178,0.9918431295861735,0.9883040935672515
Model4,ELIMINACION,MINMAX,mse,MSE,MSE,99,0.9891271519178496,0.8962536023054756,0.8835227272727273,0.9514140313629084,0.9093567251461988
Model1,ELIMINACION,MINMAX,mae,MAE,MAE,99.9,0.9877680459075808,0.8682926829268293,0.978021978021978,0.8898731701866129,0.7807017543859649
Model2,ELIMINACION,MINMAX,mae,MAE,MAE,99.9,0.9922983992751434,0.9199372056514914,0.9932203389830508,0.9282033374306253,0.8567251461988304
Model3,ELIMINACION,MINMAX,mae,MAE,MAE,99.9,0.9924494110540623,0.9221183800623054,0.9866666666666667,0.9324300666741162,0.8654970760233918
Model4,ELIMINACION,MINMAX,mae,MAE,MAE,99.9,0.9966777408637874,0.9669669669669669,0.9938271604938271,0.9706009982493389,0.9415204678362573
Model1,ELIMINACION,MINMAX,mae,MAE,MAE,99.5,0.9891271519178496,0.8922155688622756,0.9141104294478528,0.9334432152568257,0.8713450292397661
Model2,ELIMINACION,MINMAX,mae,MAE,MAE,99.5,0.9941105406221685,0.9413533834586467,0.9690402476780186,0.9568061608373375,0.9152046783625731
Model3,ELIMINACION,MINMAX,mae,MAE,MAE,99.5,0.9924494110540623,0.9249249249249248,0.9506172839506173,0.9490185123105002,0.9005847953216374
Model4,ELIMINACION,MINMAX,mae,MAE,MAE,99.5,0.9965267290848686,0.9661266568483062,0.973293768545994,0.9788156032331359,0.9590643274853801
Model1,ELIMINACION,MINMAX,mae,MAE,MAE,99,0.9865599516762308,0.8733997155049787,0.850415512465374,0.9445310462994002,0.8976608187134503
Model2,ELIMINACION,MINMAX,mae,MAE,MAE,99,0.9922983992751434,0.9274537695590328,0.9030470914127424,0.9738215629306813,0.9532163742690059
Model3,ELIMINACION,MINMAX,mae,MAE,MAE,99,0.9909392932648746,0.9135446685878962,0.9005681818181818,0.9606636681938392,0.9269005847953217
Model4,ELIMINACION,MINMAX,mae,MAE,MAE,99,0.9951676230745998,0.9545454545454546,0.9281767955801105,0.989158006481171,0.9824561403508771
Model1,ELIMINACION,MINMAX,mae,MSE,MSE,99.9,0.9898822108124433,0.8934817170111288,0.9790940766550522,0.9103410064439229,0.8216374269005848
Model2,ELIMINACION,MINMAX,mae,MSE,MSE,99.9,0.9957716701902748,0.9575757575757576,0.9937106918238994,0.9618290684247774,0.9239766081871345
Model3,ELIMINACION,MINMAX,mae,MSE,MSE,99.9,0.9957716701902748,0.9577039274924471,0.990625,0.9632114388944761,0.9269005847953217
Model4,ELIMINACION,MINMAX,mae,MSE,MSE,99.9,0.9959226819691936,0.9593984962406015,0.9876160990712074,0.9660557976682683,0.9327485380116959
Model1,ELIMINACION,MINMAX,mae,MSE,MSE,99.5,0.9906372697070371,0.9085545722713864,0.9166666666666666,0.9480630982977614,0.9005847953216374
Model2,ELIMINACION,MINMAX,mae,MSE,MSE,99.5,0.9957716701902748,0.9587020648967551,0.9672619047619048,0.9742704026520654,0.9502923976608187
Model3,ELIMINACION,MINMAX,mae,MSE,MSE,99.5,0.995620658411356,0.9572901325478645,0.9643916913946587,0.9741907848176705,0.9502923976608187
Model4,ELIMINACION,MINMAX,mae,MSE,MSE,99.5,0.9965267290848686,0.9667149059334297,0.9570200573065902,0.9871098260513279,0.9766081871345029
Model1,ELIMINACION,MINMAX,mae,MSE,MSE,99,0.9880700694654183,0.8904299583911235,0.8469656992084432,0.9646804112191306,0.9385964912280702
Model2,ELIMINACION,MINMAX,mae,MSE,MSE,99,0.994412564180006,0.9476661951909477,0.9178082191780822,0.9873775468394977,0.97953216374269
Model3,ELIMINACION,MINMAX,mae,MSE,MSE,99,0.9942615524010873,0.9463276836158193,0.9153005464480874,0.9872979290051029,0.97953216374269
Model4,ELIMINACION,MINMAX,mae,MSE,MSE,99,0.993808517064331,0.9426573426573427,0.903485254691689,0.9898238164413156,0.9853801169590644
Model1,ELIMINACION,ROBUST,mse,MAE,MAE,99.9,0.9951676230745998,0.951951951951952,0.9783950617283951,0.9628929675568966,0.9269005847953217
Model2,ELIMINACION,ROBUST,mse,MAE,MAE,99.9,0.9963757173059499,0.963855421686747,0.9937888198757764,0.9676770216411517,0.935672514619883
Model3,ELIMINACION,ROBUST,mse,MAE,MAE,99.9,0.9968287526427061,0.9687034277198212,0.9878419452887538,0.9748277274928296,0.9502923976608187
Model4,ELIMINACION,ROBUST,mse,MAE,MAE,99.9,0.9980368468740561,0.9807976366322009,0.991044776119403,0.9851412634558797,0.9707602339181286
Model1,ELIMINACION,ROBUST,mse,MAE,MAE,99.5,0.9936575052854123,0.94,0.9189944134078212,0.9786852348493313,0.9619883040935673
Model2,ELIMINACION,ROBUST,mse,MAE,MAE,99.5,0.9968287526427061,0.9692532942898975,0.9706744868035191,0.9831219503110217,0.9678362573099415
Model3,ELIMINACION,ROBUST,mse,MAE,MAE,99.5,0.9966777408637874,0.9681159420289854,0.9597701149425287,0.9871894438857227,0.9766081871345029
Model4,ELIMINACION,ROBUST,mse,MAE,MAE,99.5,0.9984898822108125,0.9855072463768115,0.9770114942528736,0.9964390807166535,0.9941520467836257
Model1,ELIMINACION,ROBUST,mse,MAE,MAE,99,0.9898822108124433,0.9078404401650618,0.8571428571428571,0.9780771594591574,0.9649122807017544
Model2,ELIMINACION,ROBUST,mse,MAE,MAE,99,0.9948655995167623,0.952112676056338,0.9184782608695652,0.9917635117517786,0.9883040935672515
Model3,ELIMINACION,ROBUST,mse,MAE,MAE,99,0.9942615524010873,0.946927374301676,0.9064171122994652,0.9928274108838977,0.9912280701754386
Model4,ELIMINACION,ROBUST,mse,MAE,MAE,99,0.9960736937481124,0.9633802816901409,0.9293478260869565,0.9979299363057325,1.0
Model1,ELIMINACION,ROBUST,mse,MSE,MSE,99.9,0.9969797644216248,0.9704142011834319,0.9820359281437125,0.9790544567363205,0.9590643274853801
Model2,ELIMINACION,ROBUST,mse,MSE,MSE,99.9,0.9960736937481124,0.9608433734939759,0.9906832298136646,0.9661354155026632,0.9327485380116959
Model3,ELIMINACION,ROBUST,mse,MSE,MSE,99.9,0.9974327997583812,0.9748892171344165,0.9850746268656716,0.9820580511789025,0.9649122807017544
Model4,ELIMINACION,ROBUST,mse,MSE,MSE,99.9,0.9986408939897312,0.9867841409691629,0.9911504424778761,0.9909892166722539,0.9824561403508771
Model1,ELIMINACION,ROBUST,mse,MSE,MSE,99.5,0.995620658411356,0.9583931133428982,0.9408450704225352,0.9866321190449585,0.9766081871345029
Model2,ELIMINACION,ROBUST,mse,MSE,MSE,99.5,0.9968287526427061,0.9693430656934306,0.967930029154519,0.9845043207807205,0.9707602339181286
Model3,ELIMINACION,ROBUST,mse,MSE,MSE,99.5,0.9959226819691936,0.9611510791366906,0.9461756373937678,0.9867913547137482,0.9766081871345029
Model4,ELIMINACION,ROBUST,mse,MSE,MSE,99.5,0.9983388704318937,0.9840348330914369,0.9769452449567724,0.99497709241256,0.9912280701754386
Model1,ELIMINACION,ROBUST,mse,MSE,MSE,99,0.9935064935064936,0.9408528198074277,0.8883116883116883,0.9965764331210192,1.0
Model2,ELIMINACION,ROBUST,mse,MSE,MSE,99,0.9953186348535186,0.9566433566433566,0.9168900804289544,0.997531847133758,1.0
Model3,ELIMINACION,ROBUST,mse,MSE,MSE,99,0.9927514346118997,0.9342465753424658,0.8788659793814433,0.9947959734793459,0.9970760233918129
Model4,ELIMINACION,ROBUST,mse,MSE,MSE,99,0.9963757173059499,0.9661016949152543,0.9344262295081968,0.9980891719745223,1.0
Model1,ELIMINACION,ROBUST,mae,MAE,MAE,99.9,0.9922983992751434,0.9209302325581395,0.9801980198019802,0.9337328193094201,0.868421052631579
Model2,ELIMINACION,ROBUST,mae,MAE,MAE,99.9,0.9965267290848686,0.9654135338345866,0.9938080495356038,0.9691390099452452,0.9385964912280702
Model3,ELIMINACION,ROBUST,mae,MAE,MAE,99.9,0.9972817879794624,0.9732142857142858,0.990909090909091,0.9778313219354119,0.956140350877193
Model4,ELIMINACION,ROBUST,mae,MAE,MAE,99.9,0.9974327997583812,0.974739970282318,0.9909365558912386,0.9792933102395053,0.9590643274853801
Model1,ELIMINACION,ROBUST,mae,MAE,MAE,99.5,0.9916943521594684,0.9182763744427934,0.9335347432024169,0.9500027936082243,0.9035087719298246
Model2,ELIMINACION,ROBUST,mae,MAE,MAE,99.5,0.9969797644216248,0.9705882352941176,0.9763313609467456,0.9818191976757179,0.9649122807017544
Model3,ELIMINACION,ROBUST,mae,MAE,MAE,99.5,0.9974327997583812,0.9753265602322205,0.968299711815562,0.9903522739970947,0.9824561403508771
Model4,ELIMINACION,ROBUST,mae,MAE,MAE,99.5,0.9978858350951374,0.9796511627906977,0.9739884393063584,0.991973497969978,0.9853801169590644
Model1,ELIMINACION,ROBUST,mae,MAE,MAE,99,0.9888251283600121,0.8942857142857144,0.8743016759776536,0.9540195366335159,0.9152046783625731
Model2,ELIMINACION,ROBUST,mae,MAE,MAE,99,0.9950166112956811,0.9534555712270804,0.9209809264305178,0.9918431295861735,0.9883040935672515
Model3,ELIMINACION,ROBUST,mae,MAE,MAE,99,0.9953186348535186,0.9566433566433566,0.9168900804289544,0.997531847133758,1.0
Model4,ELIMINACION,ROBUST,mae,MAE,MAE,99,0.9963757173059499,0.9661016949152543,0.9344262295081968,0.9980891719745223,1.0
Model1,ELIMINACION,ROBUST,mae,MSE,MSE,99.9,0.9930534581697372,0.9294478527607362,0.9774193548387097,0.9424251312995865,0.8859649122807017
Model2,ELIMINACION,ROBUST,mae,MSE,MSE,99.9,0.9945635759589248,0.9451219512195123,0.9872611464968153,0.9528979029314263,0.9064327485380117
Model3,ELIMINACION,ROBUST,mae,MSE,MSE,99.9,0.9953186348535186,0.9529590288315629,0.9905362776025236,0.9588254739821954,0.9181286549707602
Model4,ELIMINACION,ROBUST,mae,MSE,MSE,99.9,0.9986408939897312,0.9867452135493374,0.9940652818991098,0.9896068462025551,0.97953216374269
Model1,ELIMINACION,ROBUST,mae,MSE,MSE,99.5,0.9936575052854123,0.9391304347826087,0.9310344827586207,0.971773382500838,0.9473684210526315
Model2,ELIMINACION,ROBUST,mae,MSE,MSE,99.5,0.9953186348535186,0.9540740740740741,0.9669669669669669,0.9698844377397847,0.9415204678362573
Model3,ELIMINACION,ROBUST,mae,MSE,MSE,99.5,0.9962247055270311,0.9635036496350365,0.9620991253644315,0.9814211085037433,0.9649122807017544
Model4,ELIMINACION,ROBUST,mae,MSE,MSE,99.5,0.9986408939897312,0.9870129870129869,0.9743589743589743,0.9992834394904458,1.0
Model1,ELIMINACION,ROBUST,mae,MSE,MSE,99,0.9915433403805497,0.9215686274509804,0.8844086021505376,0.9775705851678027,0.9619883040935673
Model2,ELIMINACION,ROBUST,mae,MSE,MSE,99,0.9939595288432498,0.9436619718309859,0.9103260869565217,0.987138693336313,0.97953216374269
Model3,ELIMINACION,ROBUST,mae,MSE,MSE,99,0.9927514346118997,0.9327731092436974,0.8951612903225806,0.9837370097217567,0.9736842105263158
Model4,ELIMINACION,ROBUST,mae,MSE,MSE,99,0.995620658411356,0.9593267882187939,0.921832884097035,0.9976910828025477,1.0
Model1,LIMITACION,STANDARD,mse,MAE,MAE,99.9,0.9910903050437934,0.9073783359497646,0.9796610169491525,0.9220369128766716,0.8450292397660819
Model2,LIMITACION,STANDARD,mse,MAE,MAE,99.9,0.9948655995167623,0.9480122324159022,0.9935897435897436,0.9530571386002159,0.9064327485380117
Model3,LIMITACION,STANDARD,mse,MAE,MAE,99.9,0.9957716701902748,0.9579579579579579,0.9845679012345679,0.9659761798338733,0.9327485380116959
Model4,LIMITACION,STANDARD,mse,MAE,MAE,99.9,0.9966777408637874,0.9673590504451038,0.9819277108433735,0.9761304801281335,0.9532163742690059
Model1,LIMITACION,STANDARD,mse,MAE,MAE,99.5,0.9927514346118997,0.9289940828402367,0.9401197604790419,0.957471970797482,0.9181286549707602
Model2,LIMITACION,STANDARD,mse,MAE,MAE,99.5,0.9951676230745998,0.9522388059701492,0.9725609756097561,0.9656577084962937,0.9327485380116959
Model3,LIMITACION,STANDARD,mse,MAE,MAE,99.5,0.9942615524010873,0.9449275362318841,0.9367816091954023,0.9748565947778149,0.9532163742690059
Model4,LIMITACION,STANDARD,mse,MAE,MAE,99.5,0.994412564180006,0.9470672389127325,0.927170868347339,0.9818480649607031,0.9678362573099415
Model1,LIMITACION,STANDARD,mse,MAE,MAE,99,0.9924494110540623,0.9283667621776504,0.9101123595505618,0.9711364398256788,0.9473684210526315
Model2,LIMITACION,STANDARD,mse,MAE,MAE,99,0.9951676230745998,0.9522388059701492,0.9725609756097561,0.9656577084962937,0.9327485380116959
Model3,LIMITACION,STANDARD,mse,MAE,MAE,99,0.9910903050437934,0.9174825174825175,0.8793565683646113,0.9759493611949194,0.9590643274853801
Model4,LIMITACION,STANDARD,mse,MAE,MAE,99,0.991392328601631,0.9211618257261411,0.8740157480314961,0.9830204492122026,0.9736842105263158
Model1,LIMITACION,STANDARD,mse,MSE,MSE,99.9,0.9919963757173059,0.9175738724727838,0.9800664451827242,0.9308088427012329,0.8625730994152047
Model2,LIMITACION,STANDARD,mse,MSE,MSE,99.9,0.9950166112956811,0.9493087557603688,1.0,0.9517543859649122,0.9035087719298246
Model3,LIMITACION,STANDARD,mse,MSE,MSE,99.9,0.9968287526427061,0.9686098654708519,0.9908256880733946,0.973445357023131,0.9473684210526315
Model4,LIMITACION,STANDARD,mse,MSE,MSE,99.9,0.9962247055270311,0.962178517397882,0.9968652037617555,0.9648326628673594,0.9298245614035088
Model1,LIMITACION,STANDARD,mse,MSE,MSE,99.5,0.9903352461491997,0.9056047197640119,0.9136904761904762,0.946521492159273,0.8976608187134503
Model2,LIMITACION,STANDARD,mse,MSE,MSE,99.5,0.9950166112956811,0.9493087557603688,1.0,0.9517543859649122,0.9035087719298246
Model3,LIMITACION,STANDARD,mse,MSE,MSE,99.5,0.9953186348535186,0.9553956834532374,0.9405099150141643,0.9837081424367713,0.9707602339181286
Model4,LIMITACION,STANDARD,mse,MSE,MSE,99.5,0.995620658411356,0.9574155653450808,0.9616519174041298,0.9755731552873692,0.9532163742690059
Model1,LIMITACION,STANDARD,mse,MSE,MSE,99,0.986408939897312,0.8735955056179776,0.8405405405405405,0.9499809103438002,0.9093567251461988
Model2,LIMITACION,STANDARD,mse,MSE,MSE,99,0.9950166112956811,0.9493087557603688,1.0,0.9517543859649122,0.9035087719298246
Model3,LIMITACION,STANDARD,mse,MSE,MSE,99,0.9930534581697372,0.9357541899441341,0.8957219251336899,0.9866609863299437,0.97953216374269
Model4,LIMITACION,STANDARD,mse,MSE,MSE,99,0.9930534581697372,0.9353932584269663,0.9,0.9838962453905464,0.9736842105263158
Model1,LIMITACION,STANDARD,mae,MAE,MAE,99.9,0.9889761401389309,0.8828250401284108,0.9786476868327402,0.9015690766193615,0.804093567251462
Model2,LIMITACION,STANDARD,mae,MAE,MAE,99.9,0.9939595288432498,0.937888198757764,1.0,0.9415204678362573,0.8830409356725146
Model3,LIMITACION,STANDARD,mae,MAE,MAE,99.9,0.9894291754756871,0.8881789137380192,0.9788732394366197,0.9059550415316422,0.8128654970760234
Model4,LIMITACION,STANDARD,mae,MAE,MAE,99.9,0.994412564180006,0.9429892141756547,0.996742671009772,0.9472888032182367,0.8947368421052632
Model1,LIMITACION,STANDARD,mae,MAE,MAE,99.5,0.9903352461491997,0.9053254437869822,0.9161676646706587,0.9451391216895744,0.8947368421052632
Model2,LIMITACION,STANDARD,mae,MAE,MAE,99.5,0.9939595288432498,0.937888198757764,1.0,0.9415204678362573,0.8830409356725146
Model3,LIMITACION,STANDARD,mae,MAE,MAE,99.5,0.9868619752340683,0.8687782805429863,0.897196261682243,0.9184252430439155,0.8421052631578947
Model4,LIMITACION,STANDARD,mae,MAE,MAE,99.5,0.9951676230745998,0.9526627218934911,0.9640718562874252,0.9698048199053899,0.9415204678362573
Model1,LIMITACION,STANDARD,mae,MAE,MAE,99,0.9879190576864996,0.8885793871866295,0.848404255319149,0.9618360524453383,0.9327485380116959
Model2,LIMITACION,STANDARD,mae,MAE,MAE,99,0.9939595288432498,0.937888198757764,1.0,0.9415204678362573,0.8830409356725146
Model3,LIMITACION,STANDARD,mae,MAE,MAE,99,0.9830866807610994,0.8409090909090909,0.8176795580110497,0.927493760941632,0.8654970760233918
Model4,LIMITACION,STANDARD,mae,MAE,MAE,99,0.9918453639383872,0.9228571428571429,0.9022346368715084,0.9694355980184006,0.9444444444444444
Model1,LIMITACION,STANDARD,mae,MSE,MSE,99.9,0.9877680459075808,0.8687196110210696,0.9745454545454545,0.8912555406563117,0.783625730994152
Model2,LIMITACION,STANDARD,mae,MSE,MSE,99.9,0.9959226819691936,0.958904109589041,1.0,0.9605263157894737,0.9210526315789473
Model3,LIMITACION,STANDARD,mae,MSE,MSE,99.9,0.9947145877378436,0.947209653092006,0.9781931464174455,0.9585070026446157,0.9181286549707602
Model4,LIMITACION,STANDARD,mae,MSE,MSE,99.9,0.9968287526427061,0.9683257918552036,1.0,0.9692982456140351,0.9385964912280702
Model1,LIMITACION,STANDARD,mae,MSE,MSE,99.5,0.988221081244337,0.8825301204819277,0.9099378881987578,0.9260536559019629,0.8567251461988304
Model2,LIMITACION,STANDARD,mae,MSE,MSE,99.5,0.9953186348535186,0.9535232383808095,0.9784615384615385,0.9643549558609901,0.9298245614035088
Model3,LIMITACION,STANDARD,mae,MSE,MSE,99.5,0.991392328601631,0.9179856115107914,0.9036827195467422,0.9636672626364211,0.9327485380116959
Model4,LIMITACION,STANDARD,mae,MSE,MSE,99.5,0.995620658411356,0.9572901325478645,0.9643916913946587,0.9741907848176705,0.9502923976608187
Model1,LIMITACION,STANDARD,mae,MSE,MSE,99,0.9859559045605557,0.8661870503597123,0.8526912181303116,0.9359183521436287,0.8801169590643275
Model2,LIMITACION,STANDARD,mae,MSE,MSE,99,0.9953186348535186,0.9535232383808095,0.9784615384615385,0.9643549558609901,0.9298245614035088
Model3,LIMITACION,STANDARD,mae,MSE,MSE,99,0.988221081244337,0.8919667590027701,0.8473684210526315,0.9661423995232242,0.9415204678362573
Model4,LIMITACION,STANDARD,mae,MSE,MSE,99,0.993204469948656,0.9363507779349364,0.9068493150684932,0.981211122285544,0.9678362573099415
Model1,LIMITACION,MINMAX,mse,MAE,MAE,99.9,0.9830866807610994,0.8082191780821918,0.9752066115702479,0.8445515327597124,0.6900584795321637
Model2,LIMITACION,MINMAX,mse,MAE,MAE,99.9,0.9939595288432498,0.937888198757764,1.0,0.9415204678362573,0.8830409356725146
Model3,LIMITACION,MINMAX,mse,MAE,MAE,99.9,0.987012987012987,0.859016393442623,0.9776119402985075,0.8825632286661451,0.7660818713450293
Model4,LIMITACION,MINMAX,mse,MAE,MAE,99.9,0.995620658411356,0.9562594268476621,0.9875389408099688,0.9631318210600812,0.9269005847953217
Model1,LIMITACION,MINMAX,mse,MAE,MAE,99.5,0.980821504077318,0.7907742998352554,0.9056603773584906,0.8488867471225835,0.7017543859649122
Model2,LIMITACION,MINMAX,mse,MAE,MAE,99.5,0.9939595288432498,0.937888198757764,1.0,0.9415204678362573,0.8830409356725146
Model3,LIMITACION,MINMAX,mse,MAE,MAE,99.5,0.9842947749924494,0.8385093167701863,0.8940397350993378,0.8921890714046262,0.7894736842105263
Model4,LIMITACION,MINMAX,mse,MAE,MAE,99.5,0.994412564180006,0.9458272327964861,0.9472140762463344,0.9707891012031139,0.9444444444444444
Model1,LIMITACION,MINMAX,mse,MAE,MAE,99,0.979613409845968,0.786053882725832,0.8581314878892734,0.8593087682050136,0.7251461988304093
Model2,LIMITACION,MINMAX,mse,MAE,MAE,99,0.9939595288432498,0.937888198757764,1.0,0.9415204678362573,0.8830409356725146
Model3,LIMITACION,MINMAX,mse,MAE,MAE,99,0.9797644216248867,0.8029411764705883,0.8076923076923077,0.8939476477818751,0.7982456140350878
Model4,LIMITACION,MINMAX,mse,MAE,MAE,99,0.9915433403805497,0.9211267605633803,0.8885869565217391,0.9748058442284054,0.956140350877193
Model1,LIMITACION,MINMAX,mse,MSE,MSE,99.9,0.9720628209000302,0.6292585170340682,1.0,0.72953216374269,0.4590643274853801
Model2,LIMITACION,MINMAX,mse,MSE,MSE,99.9,0.9939595288432498,0.937888198757764,1.0,0.9415204678362573,0.8830409356725146
Model3,LIMITACION,MINMAX,mse,MSE,MSE,99.9,0.993204469948656,0.9306625577812018,0.9837133550488599,0.9411223786642827,0.8830409356725146
Model4,LIMITACION,MINMAX,mse,MSE,MSE,99.9,0.9868619752340683,0.8571428571428571,0.9775280898876404,0.8811012403620515,0.7631578947368421
Model1,LIMITACION,MINMAX,mse,MSE,MSE,99.5,0.9732709151313802,0.6549707602339181,0.9824561403508771,0.7453751815845345,0.49122807017543857
Model2,LIMITACION,MINMAX,mse,MSE,MSE,99.5,0.9939595288432498,0.937888198757764,1.0,0.9415204678362573,0.8830409356725146
Model3,LIMITACION,MINMAX,mse,MSE,MSE,99.5,0.9935064935064936,0.9355322338830584,0.96,0.9551053190300592,0.9122807017543859
Model4,LIMITACION,MINMAX,mse,MSE,MSE,99.5,0.9839927514346118,0.8348909657320873,0.8933333333333333,0.8892650947964391,0.783625730994152
Model1,LIMITACION,MINMAX,mse,MSE,MSE,99,0.9735729386892178,0.6641074856046066,0.9664804469273743,0.7524462696018177,0.5058479532163743
Model2,LIMITACION,MINMAX,mse,MSE,MSE,99,0.9939595288432498,0.937888198757764,1.0,0.9415204678362573,0.8830409356725146
Model3,LIMITACION,MINMAX,mse,MSE,MSE,99,0.992600422832981,0.9286754002911207,0.9246376811594202,0.9643042053115802,0.9327485380116959
Model4,LIMITACION,MINMAX,mse,MSE,MSE,99,0.9793113862881305,0.7976366322008863,0.8059701492537313,0.8895616828695944,0.7894736842105263
Model1,LIMITACION,MINMAX,mae,MAE,MAE,99.9,0.966626396858955,0.5327695560253699,0.9618320610687023,0.683812437143815,0.3684210526315789
Model2,LIMITACION,MINMAX,mae,MAE,MAE,99.9,0.9916943521594684,0.9125596184419714,1.0,0.9195906432748537,0.8391812865497076
Model3,LIMITACION,MINMAX,mae,MAE,MAE,99.9,0.9877680459075808,0.867862969004894,0.981549815498155,0.8884907997169142,0.7777777777777778
Model4,LIMITACION,MINMAX,mae,MAE,MAE,99.9,0.9959226819691936,0.9590288315629741,0.9968454258675079,0.9619086862591724,0.9239766081871345
Model1,LIMITACION,MINMAX,mae,MAE,MAE,99.5,0.9714587737843552,0.6557377049180327,0.8695652173913043,0.7610082132081796,0.5263157894736842
Model2,LIMITACION,MINMAX,mae,MAE,MAE,99.5,0.9916943521594684,0.9125596184419714,1.0,0.9195906432748537,0.8391812865497076
Model3,LIMITACION,MINMAX,mae,MAE,MAE,99.5,0.9877680459075808,0.8770864946889225,0.9116719242902208,0.9202853205199837,0.8450292397660819
Model4,LIMITACION,MINMAX,mae,MAE,MAE,99.5,0.9942615524010873,0.9444444444444444,0.9444444444444444,0.9707094833687191,0.9444444444444444
Model1,LIMITACION,MINMAX,mae,MAE,MAE,99,0.9714587737843552,0.6865671641791046,0.7931034482758621,0.7983322158900436,0.6052631578947368
Model2,LIMITACION,MINMAX,mae,MAE,MAE,99,0.9916943521594684,0.9125596184419714,1.0,0.9195906432748537,0.8391812865497076
Model3,LIMITACION,MINMAX,mae,MAE,MAE,99,0.9836907278767744,0.8439306358381503,0.8342857142857143,0.9222827504004171,0.8538011695906432
Model4,LIMITACION,MINMAX,mae,MAE,MAE,99,0.991392328601631,0.919605077574048,0.888283378746594,0.9733438559243117,0.9532163742690059
Model1,LIMITACION,MINMAX,mae,MSE,MSE,99.9,0.9867109634551495,0.8552631578947368,0.9774436090225563,0.879639252057958,0.7602339181286549
Model2,LIMITACION,MINMAX,mae,MSE,MSE,99.9,0.9942615524010873,0.9411764705882353,1.0,0.9444444444444444,0.8888888888888888
Model3,LIMITACION,MINMAX,mae,MSE,MSE,99.9,0.9848988221081244,0.8316498316498316,0.9801587301587301,0.8607130219391366,0.7222222222222222
Model4,LIMITACION,MINMAX,mae,MSE,MSE,99.9,0.9935064935064936,0.9329173166926676,1.0,0.9371345029239766,0.8742690058479532
Model1,LIMITACION,MINMAX,mae,MSE,MSE,99.5,0.9877680459075808,0.8767123287671234,0.9142857142857143,0.918902950050285,0.8421052631578947
Model2,LIMITACION,MINMAX,mae,MSE,MSE,99.5,0.9942615524010873,0.9411764705882353,1.0,0.9444444444444444,0.8888888888888888
Model3,LIMITACION,MINMAX,mae,MSE,MSE,99.5,0.9830866807610994,0.8210862619808307,0.9049295774647887,0.8735813126233843,0.7514619883040936
Model4,LIMITACION,MINMAX,mae,MSE,MSE,99.5,0.993204469948656,0.9331352154531947,0.9486404833836858,0.9577108243006667,0.9181286549707602
Model1,LIMITACION,MINMAX,mae,MSE,MSE,99,0.9845967985502869,0.853868194842407,0.8370786516853933,0.9310546802249785,0.8713450292397661
Model2,LIMITACION,MINMAX,mae,MSE,MSE,99,0.9942615524010873,0.9411764705882353,1.0,0.9444444444444444,0.8888888888888888
Model3,LIMITACION,MINMAX,mae,MSE,MSE,99,0.9788583509513742,0.7878787878787878,0.8176100628930818,0.8754991246694229,0.7602339181286549
Model4,LIMITACION,MINMAX,mae,MSE,MSE,99,0.9886741165810933,0.8936170212765957,0.8677685950413223,0.9567046597385183,0.9210526315789473
Model1,LIMITACION,ROBUST,mse,MAE,MAE,99.9,0.9966777408637874,0.9671641791044776,0.9878048780487805,0.973365739188736,0.9473684210526315
Model2,LIMITACION,ROBUST,mse,MAE,MAE,99.9,0.9960736937481124,0.9604863221884498,1.0,0.9619883040935673,0.9239766081871345
Model3,LIMITACION,ROBUST,mse,MAE,MAE,99.9,0.9974327997583812,0.9748148148148148,0.987987987987988,0.9806756807092041,0.9619883040935673
Model4,LIMITACION,ROBUST,mse,MAE,MAE,99.9,0.9965267290848686,0.9657228017883756,0.9848024316109423,0.9732861213543411,0.9473684210526315
Model1,LIMITACION,ROBUST,mse,MAE,MAE,99.5,0.9954696466324373,0.9560117302052785,0.9588235294117647,0.9754935374529742,0.9532163742690059
Model2,LIMITACION,ROBUST,mse,MAE,MAE,99.5,0.9960736937481124,0.9604863221884498,1.0,0.9619883040935673,0.9239766081871345
Model3,LIMITACION,ROBUST,mse,MAE,MAE,99.5,0.995620658411356,0.9581529581529582,0.9458689458689459,0.9838673781055612,0.9707602339181286
Model4,LIMITACION,ROBUST,mse,MAE,MAE,99.5,0.9945635759589248,0.9482758620689654,0.9322033898305084,0.9805453123253994,0.9649122807017544
Model1,LIMITACION,ROBUST,mse,MAE,MAE,99,0.9941105406221685,0.9438848920863309,0.9291784702549575,0.9775417178828174,0.9590643274853801
Model2,LIMITACION,ROBUST,mse,MAE,MAE,99,0.9960736937481124,0.9604863221884498,1.0,0.9619883040935673,0.9239766081871345
Model3,LIMITACION,ROBUST,mse,MAE,MAE,99,0.992600422832981,0.9316596931659693,0.8906666666666667,0.9850397623570604,0.9766081871345029
Model4,LIMITACION,ROBUST,mse,MAE,MAE,99,0.9922983992751434,0.9284712482468443,0.8921832884097035,0.9807334152791746,0.9678362573099415
Model1,LIMITACION,ROBUST,mse,MSE,MSE,99.9,0.993204469948656,0.9304482225656878,0.9868852459016394,0.9397400081945843,0.8801169590643275
Model2,LIMITACION,ROBUST,mse,MSE,MSE,99.9,0.9951676230745998,0.9510703363914372,0.9967948717948718,0.9545987447387044,0.9093567251461988
Model3,LIMITACION,ROBUST,mse,MSE,MSE,99.9,0.9963757173059499,0.9640718562874252,0.9877300613496932,0.9704417625805491,0.9415204678362573
Model4,LIMITACION,ROBUST,mse,MSE,MSE,99.9,0.9953186348535186,0.9532428355957768,0.9844236760124611,0.9615902149215927,0.9239766081871345
Model1,LIMITACION,ROBUST,mse,MSE,MSE,99.5,0.993204469948656,0.9337260677466864,0.9406528189910979,0.9618579357097627,0.9269005847953217
Model2,LIMITACION,ROBUST,mse,MSE,MSE,99.5,0.9957716701902748,0.9575757575757576,0.9937106918238994,0.9618290684247774,0.9239766081871345
Model3,LIMITACION,ROBUST,mse,MSE,MSE,99.5,0.9953186348535186,0.9548762736535662,0.9507246376811594,0.9781786605579766,0.9590643274853801
Model4,LIMITACION,ROBUST,mse,MSE,MSE,99.5,0.9947145877378436,0.9494949494949495,0.9373219373219374,0.9792425596900957,0.9619883040935673
Model1,LIMITACION,ROBUST,mse,MSE,MSE,99,0.991392328601631,0.9191489361702128,0.8925619834710744,0.9705791149849144,0.9473684210526315
Model2,LIMITACION,ROBUST,mse,MSE,MSE,99,0.9962247055270311,0.9625187406296851,0.9876923076923076,0.9689797742764555,0.9385964912280702
Model3,LIMITACION,ROBUST,mse,MSE,MSE,99,0.9942615524010873,0.945868945868946,0.9222222222222223,0.9831508175960071,0.9707602339181286
Model4,LIMITACION,ROBUST,mse,MSE,MSE,99,0.9916943521594684,0.9237170596393898,0.8786279683377308,0.9831796848809923,0.9736842105263158
Model1,LIMITACION,ROBUST,mae,MAE,MAE,99.9,0.9915433403805497,0.9122257053291536,0.9831081081081081,0.9250405073192536,0.8508771929824561
Model2,LIMITACION,ROBUST,mae,MAE,MAE,99.9,0.9954696466324373,0.9542682926829268,0.9968152866242038,0.9575227213468916,0.9152046783625731
Model3,LIMITACION,ROBUST,mae,MAE,MAE,99.9,0.995620658411356,0.9562594268476621,0.9875389408099688,0.9631318210600812,0.9269005847953217
Model4,LIMITACION,ROBUST,mae,MAE,MAE,99.9,0.9947145877378436,0.9468892261001518,0.9842271293375394,0.9557422617052185,0.9122807017543859
Model1,LIMITACION,ROBUST,mae,MAE,MAE,99.5,0.9921473874962247,0.924198250728863,0.9215116279069767,0.9613006108689984,0.9269005847953217
Model2,LIMITACION,ROBUST,mae,MAE,MAE,99.5,0.9965267290848686,0.9657228017883756,0.9848024316109423,0.9732861213543411,0.9473684210526315
Model3,LIMITACION,ROBUST,mae,MAE,MAE,99.5,0.9942615524010873,0.9447674418604651,0.9393063583815029,0.9734742243081164,0.9502923976608187
Model4,LIMITACION,ROBUST,mae,MAE,MAE,99.5,0.9953186348535186,0.9550072568940493,0.9481268011527377,0.9795610310276753,0.9619883040935673
Model1,LIMITACION,ROBUST,mae,MAE,MAE,99,0.9906372697070371,0.9138888888888888,0.8703703703703703,0.9770928781614333,0.9619883040935673
Model2,LIMITACION,ROBUST,mae,MAE,MAE,99,0.9965267290848686,0.9657228017883756,0.9848024316109423,0.9732861213543411,0.9473684210526315
Model3,LIMITACION,ROBUST,mae,MAE,MAE,99,0.992600422832981,0.9306930693069306,0.9013698630136986,0.978127910008567,0.9619883040935673
Model4,LIMITACION,ROBUST,mae,MAE,MAE,99,0.9930534581697372,0.9352112676056339,0.9021739130434783,0.9825138749208479,0.9707602339181286
Model1,LIMITACION,ROBUST,mae,MSE,MSE,99.9,0.991392328601631,0.9105180533751962,0.9830508474576272,0.92357851901516,0.847953216374269
Model2,LIMITACION,ROBUST,mae,MSE,MSE,99.9,0.9957716701902748,0.9574468085106383,0.9968354430379747,0.9604466979550788,0.9210526315789473
Model3,LIMITACION,ROBUST,mae,MSE,MSE,99.9,0.9966777408637874,0.9670658682634731,0.99079754601227,0.9719833687190375,0.9444444444444444
Model4,LIMITACION,ROBUST,mae,MSE,MSE,99.9,0.9951676230745998,0.9518072289156626,0.9813664596273292,0.9615105970871978,0.9239766081871345
Model1,LIMITACION,ROBUST,mae,MSE,MSE,99.5,0.9929024463908185,0.9313868613138686,0.9300291545189504,0.9644634409803702,0.9327485380116959
Model2,LIMITACION,ROBUST,mae,MSE,MSE,99.5,0.995620658411356,0.9559939301972685,0.9936908517350158,0.9603670801206838,0.9210526315789473
Model3,LIMITACION,ROBUST,mae,MSE,MSE,99.5,0.9957716701902748,0.9588235294117646,0.9644970414201184,0.975652773121764,0.9532163742690059
Model4,LIMITACION,ROBUST,mae,MSE,MSE,99.5,0.9941105406221685,0.9438848920863309,0.9291784702549575,0.9775417178828174,0.9590643274853801
Model1,LIMITACION,ROBUST,mae,MSE,MSE,99,0.9904862579281184,0.9113924050632912,0.8780487804878049,0.9701014079785449,0.9473684210526315
Model2,LIMITACION,ROBUST,mae,MSE,MSE,99,0.995620658411356,0.9559939301972685,0.9936908517350158,0.9603670801206838,0.9210526315789473
Model3,LIMITACION,ROBUST,mae,MSE,MSE,99,0.9945635759589248,0.9490084985835694,0.9203296703296703,0.9874571646738927,0.97953216374269
Model4,LIMITACION,ROBUST,mae,MSE,MSE,99,0.9924494110540623,0.9297752808988763,0.8945945945945946,0.9808130331135695,0.9678362573099415